date,open,high,low,close,index_value,daily_return,cumulative_return
2024-01-02,1025.01,1043.3,988.43,1000.0,1000.0,0.0,0.0
2024-01-03,992.68,1001.39,957.91,970.28,970.28,-2.97,-2.97
2024-01-04,967.04,984.36,943.64,963.9,963.9,-0.66,-3.61
2024-01-05,960.33,968.34,925.57,935.86,935.86,-2.91,-6.41
2024-01-08,933.01,941.85,900.72,907.32,907.32,-3.05,-9.27
2024-01-09,922.0,933.83,895.34,906.48,906.48,-0.09,-9.35
2024-01-10,901.88,914.44,875.88,889.2,889.2,-1.91,-11.08
2024-01-11,888.47,919.84,885.21,907.34,907.34,2.04,-9.27
2024-01-12,901.83,910.11,878.95,882.22,882.22,-2.77,-11.78
2024-01-15,878.18,913.57,870.38,892.21,892.21,1.13,-10.78
2024-01-16,886.71,901.01,872.67,891.35,891.35,-0.1,-10.87
2024-01-17,893.74,914.72,880.2,882.78,882.78,-0.96,-11.72
2024-01-18,872.19,929.94,857.89,925.67,925.67,4.86,-7.43
2024-01-19,930.96,941.9,910.47,918.29,918.29,-0.8,-8.17
2024-01-22,938.46,948.42,887.81,900.0,900.0,-1.99,-10.0
2024-01-23,897.63,942.33,886.46,927.53,927.53,3.06,-7.25
2024-01-24,927.29,935.9,883.86,920.48,920.48,-0.76,-7.95
2024-01-25,916.73,955.84,903.82,946.54,946.54,2.83,-5.35
2024-01-26,935.39,944.8,904.44,912.92,912.92,-3.55,-8.71
2024-01-29,909.83,936.38,856.04,876.9,876.9,-3.95,-12.31
2024-01-30,864.99,886.92,839.78,847.91,847.91,-3.31,-15.21
2024-01-31,839.04,865.19,807.47,819.49,819.49,-3.35,-18.05
2024-02-01,816.94,901.63,804.88,863.09,863.09,5.32,-13.69
2024-02-02,865.14,879.57,806.24,835.25,835.25,-3.23,-16.47
2024-02-05,830.6,868.65,775.16,813.5,813.5,-2.6,-18.65
2024-02-06,796.19,889.69,788.1,883.7,883.7,8.63,-11.63
2024-02-07,879.17,908.57,861.93,883.62,883.62,-0.01,-11.64
2024-02-08,899.41,954.81,879.33,915.19,915.19,3.57,-8.48
2024-02-19,962.97,1041.17,935.73,1032.07,1032.07,12.77,3.21
2024-02-20,1014.71,1061.08,995.08,1034.98,1034.98,0.28,3.5
2024-02-21,1002.68,1032.57,981.92,1002.05,1002.05,-3.18,0.2
2024-02-22,1030.96,1080.16,1003.9,1044.77,1044.77,4.26,4.48
2024-02-23,1068.21,1084.23,1024.2,1038.35,1038.35,-0.61,3.83
2024-02-26,1024.99,1089.84,1016.24,1066.65,1066.65,2.73,6.67
2024-02-27,1055.07,1170.4,1043.23,1147.93,1147.93,7.62,14.79
2024-02-28,1143.13,1180.57,1070.86,1074.38,1074.38,-6.41,7.44
2024-02-29,1079.44,1149.68,1073.37,1133.89,1133.89,5.54,13.39
2024-03-01,1135.33,1187.95,1122.15,1169.66,1169.66,3.15,16.97
2024-03-04,1193.74,1235.71,1158.4,1203.99,1203.99,2.94,20.4
2024-03-05,1186.19,1263.31,1165.74,1191.22,1191.22,-1.06,19.12
2024-03-06,1180.43,1203.59,1148.14,1180.35,1180.35,-0.91,18.04
2024-03-07,1187.73,1209.68,1138.88,1145.92,1145.92,-2.92,14.59
2024-03-08,1163.45,1211.71,1142.61,1200.64,1200.64,4.78,20.06
2024-03-11,1171.31,1227.05,1156.57,1216.93,1216.93,1.36,21.69
2024-03-12,1211.43,1245.14,1165.94,1191.03,1191.03,-2.13,19.1
2024-03-13,1221.74,1244.45,1188.6,1198.79,1198.79,0.65,19.88
2024-03-14,1175.73,1230.35,1164.92,1208.47,1208.47,0.81,20.85
2024-03-15,1200.86,1258.6,1179.91,1244.51,1244.51,2.98,24.45
2024-03-18,1253.62,1326.92,1239.62,1305.87,1305.87,4.93,30.59
2024-03-19,1293.27,1324.14,1268.09,1285.17,1285.17,-1.59,28.52
2024-03-20,1279.86,1327.03,1255.19,1293.08,1293.08,0.62,29.31
2024-03-21,1318.53,1349.08,1280.81,1302.82,1302.82,0.75,30.28
2024-03-22,1300.23,1333.76,1273.95,1291.98,1291.98,-0.83,29.2
2024-03-25,1286.93,1319.19,1247.04,1258.13,1258.13,-2.62,25.81
2024-03-26,1259.42,1315.04,1196.9,1230.31,1230.31,-2.21,23.03
2024-03-27,1224.42,1242.72,1171.85,1184.47,1184.47,-3.73,18.45
2024-03-28,1188.62,1248.25,1170.21,1220.39,1220.39,3.03,22.04
2024-03-29,1210.87,1241.65,1184.28,1225.17,1225.17,0.39,22.52
2024-04-01,1235.45,1278.81,1214.63,1260.33,1260.33,2.87,26.03
2024-04-02,1263.59,1289.28,1226.06,1245.84,1245.84,-1.15,24.58
2024-04-03,1225.6,1257.31,1186.4,1212.93,1212.93,-2.64,21.29
2024-04-08,1205.06,1244.72,1177.75,1208.75,1208.75,-0.34,20.88
2024-04-09,1206.0,1223.11,1164.05,1200.22,1200.22,-0.71,20.02
2024-04-10,1194.65,1203.76,1128.41,1138.56,1138.56,-5.14,13.86
2024-04-11,1144.03,1182.97,1134.61,1149.98,1149.98,1.0,15.0
2024-04-12,1170.39,1231.95,1162.36,1198.9,1198.9,4.25,19.89
2024-04-15,1188.55,1211.08,1155.46,1180.05,1180.05,-1.57,18.01
2024-04-16,1165.26,1194.98,1127.15,1142.32,1142.32,-3.2,14.23
2024-04-17,1165.82,1218.74,1150.76,1213.3,1213.3,6.21,21.33
2024-04-18,1198.46,1232.85,1176.31,1206.25,1206.25,-0.58,20.63
2024-04-19,1195.94,1214.03,1145.55,1172.02,1172.02,-2.84,17.2
2024-04-22,1093.04,1157.22,1071.28,1141.46,1141.46,-2.61,14.15
2024-04-23,1154.63,1169.66,1124.29,1142.42,1142.42,0.08,14.24
2024-04-24,1143.87,1205.42,1124.78,1194.7,1194.7,4.58,19.47
2024-04-25,1175.13,1212.9,1165.32,1183.55,1183.55,-0.93,18.35
2024-04-26,1182.44,1251.3,1174.97,1228.52,1228.52,3.8,22.85
2024-04-29,1240.95,1282.96,1230.16,1259.97,1259.97,2.56,26.0
2024-04-30,1256.24,1287.98,1239.21,1255.04,1255.04,-0.39,25.5
2024-05-06,1279.44,1291.21,1228.71,1239.41,1239.41,-1.25,23.94
2024-05-07,1251.54,1270.74,1193.22,1207.17,1207.17,-2.6,20.72
2024-05-08,1200.3,1227.79,1184.93,1201.7,1201.7,-0.45,20.17
2024-05-09,1200.72,1238.17,1182.38,1221.99,1221.99,1.69,22.2
2024-05-10,1210.97,1219.87,1168.44,1186.04,1186.04,-2.94,18.6
2024-05-13,1177.46,1205.82,1152.83,1167.86,1167.86,-1.53,16.79
2024-05-14,1177.26,1196.65,1144.88,1164.44,1164.44,-0.29,16.44
2024-05-15,1159.88,1194.72,1143.45,1166.95,1166.95,0.22,16.7
2024-05-16,1193.53,1215.85,1169.76,1182.91,1182.91,1.37,18.29
2024-05-17,1165.57,1224.0,1150.14,1210.01,1210.01,2.29,21.0
2024-05-20,1197.38,1259.45,1183.14,1240.59,1240.59,2.53,24.06
2024-05-21,1236.47,1263.44,1214.52,1223.62,1223.62,-1.37,22.36
2024-05-22,1219.15,1230.39,1191.88,1211.6,1211.6,-0.98,21.16
2024-05-23,1225.47,1239.7,1178.58,1196.86,1196.86,-1.22,19.69
2024-05-24,1196.15,1222.78,1136.15,1141.01,1141.01,-4.67,14.1
2024-05-27,1145.33,1194.67,1127.33,1181.55,1181.55,3.55,18.15
2024-05-28,1174.21,1203.76,1149.97,1155.76,1155.76,-2.18,15.58
2024-05-29,1163.53,1184.41,1141.52,1154.84,1154.84,-0.08,15.48
2024-05-30,1111.14,1143.34,1097.19,1119.9,1119.9,-3.03,11.99
2024-05-31,1113.54,1149.71,1100.4,1118.96,1118.96,-0.08,11.9
2024-06-03,1126.71,1188.19,1119.82,1166.46,1166.46,4.25,16.65
2024-06-04,1160.98,1181.67,1143.05,1163.37,1163.37,-0.26,16.34
2024-06-05,1160.02,1185.06,1143.19,1148.18,1148.18,-1.31,14.82
2024-06-06,1123.56,1145.32,1089.35,1098.25,1098.25,-4.35,9.82
2024-06-07,1098.86,1116.48,1061.89,1083.99,1083.99,-1.3,8.4
2024-06-11,1085.05,1129.49,1077.36,1122.67,1122.67,3.57,12.27
2024-06-12,1118.01,1137.33,1105.27,1120.33,1120.33,-0.21,12.03
2024-06-13,1133.96,1171.83,1119.59,1138.64,1138.64,1.63,13.86
2024-06-14,1133.19,1208.75,1117.41,1187.55,1187.55,4.3,18.75
2024-06-17,1187.89,1227.18,1175.05,1209.01,1209.01,1.81,20.9
2024-06-18,1208.13,1254.4,1193.12,1220.18,1220.18,0.92,22.02
2024-06-19,1234.33,1276.32,1215.37,1245.85,1245.85,2.1,24.58
2024-06-20,1241.53,1269.91,1221.39,1230.73,1230.73,-1.21,23.07
2024-06-21,1204.93,1243.99,1185.43,1229.82,1229.82,-0.07,22.98
2024-06-24,1222.76,1246.06,1178.45,1185.44,1185.44,-3.61,18.54
2024-06-25,1169.73,1179.91,1124.8,1136.15,1136.15,-4.16,13.61
2024-06-26,1151.14,1189.46,1129.42,1176.79,1176.79,3.58,17.68
2024-06-27,1157.87,1187.4,1143.74,1153.34,1153.34,-1.99,15.33
2024-06-28,1147.23,1192.7,1143.48,1166.88,1166.88,1.17,16.69
2024-07-01,1164.52,1214.9,1149.6,1203.25,1203.25,3.12,20.32
2024-07-02,1199.97,1214.71,1169.46,1185.43,1185.43,-1.48,18.54
2024-07-03,1179.45,1200.57,1148.41,1181.5,1181.5,-0.33,18.15
2024-07-04,1189.28,1204.24,1159.77,1164.29,1164.29,-1.46,16.43
2024-07-05,1164.15,1186.21,1134.89,1168.64,1168.64,0.37,16.86
2024-07-08,1172.54,1196.51,1158.64,1174.72,1174.72,0.52,17.47
2024-07-09,1170.28,1247.12,1159.87,1239.45,1239.45,5.51,23.94
2024-07-10,1231.67,1262.97,1221.55,1252.8,1252.8,1.08,25.28
2024-07-11,1269.88,1278.83,1210.31,1237.14,1237.14,-1.25,23.71
2024-07-12,1209.49,1229.09,1187.68,1214.44,1214.44,-1.83,21.44
2024-07-15,1208.93,1238.25,1188.51,1213.32,1213.32,-0.09,21.33
2024-07-16,1214.2,1286.75,1185.17,1270.97,1270.97,4.75,27.1
2024-07-17,1260.04,1282.18,1229.43,1234.5,1234.5,-2.87,23.45
2024-07-18,1209.47,1252.76,1166.85,1239.8,1239.8,0.43,23.98
2024-07-19,1222.95,1286.58,1208.54,1250.99,1250.99,0.9,25.1
2024-07-22,1246.21,1273.18,1224.8,1244.06,1244.06,-0.55,24.41
2024-07-23,1247.98,1255.64,1186.19,1188.31,1188.31,-4.48,18.83
2024-07-24,1182.57,1237.87,1172.86,1195.09,1195.09,0.57,19.51
2024-07-25,1181.37,1204.16,1143.57,1161.49,1161.49,-2.81,16.15
2024-07-26,1161.56,1183.27,1139.54,1162.85,1162.85,0.12,16.28
2024-07-29,1163.72,1190.86,1133.75,1163.16,1163.16,0.03,16.32
2024-07-30,1155.95,1178.67,1135.41,1161.16,1161.16,-0.17,16.12
2024-07-31,1150.24,1224.54,1140.32,1214.8,1214.8,4.62,21.48
2024-08-01,1237.82,1256.34,1204.15,1215.41,1215.41,0.05,21.54
2024-08-02,1180.91,1203.43,1145.18,1151.62,1151.62,-5.25,15.16
2024-08-05,1117.61,1144.19,1069.98,1074.54,1074.54,-6.69,7.45
2024-08-06,1109.58,1120.33,1075.55,1097.16,1097.16,2.11,9.72
2024-08-07,1091.92,1110.17,1065.03,1078.29,1078.29,-1.72,7.83
2024-08-08,1060.74,1089.12,1045.46,1071.42,1071.42,-0.64,7.14
2024-08-09,1092.93,1119.95,1078.86,1096.65,1096.65,2.35,9.67
2024-08-12,1088.49,1112.63,1078.3,1092.61,1092.61,-0.37,9.26
2024-08-13,1098.95,1119.44,1083.24,1104.89,1104.89,1.12,10.49
2024-08-14,1116.58,1133.3,1096.89,1100.13,1100.13,-0.43,10.01
2024-08-15,1093.3,1125.0,1087.64,1107.57,1107.57,0.68,10.76
2024-08-16,1119.72,1146.47,1111.69,1125.99,1125.99,1.66,12.6
2024-08-19,1125.28,1155.17,1114.63,1133.65,1133.65,0.68,13.37
2024-08-20,1142.5,1147.95,1108.15,1114.19,1114.19,-1.72,11.42
2024-08-21,1106.22,1148.51,1093.94,1123.12,1123.12,0.8,12.31
2024-08-22,1123.85,1135.77,1100.61,1112.11,1112.11,-0.98,11.21
2024-08-23,1103.85,1116.38,1078.62,1095.85,1095.85,-1.46,9.58
2024-08-26,1100.33,1108.66,1060.26,1072.41,1072.41,-2.14,7.24
2024-08-27,1066.98,1082.09,1050.13,1065.31,1065.31,-0.66,6.53
2024-08-28,1060.88,1081.91,1042.7,1054.46,1054.46,-1.02,5.45
2024-08-29,1028.97,1055.35,1010.18,1044.11,1044.11,-0.98,4.41
2024-08-30,1043.0,1108.41,1036.38,1091.31,1091.31,4.52,9.13
2024-09-02,1096.07,1106.43,1048.48,1049.42,1049.42,-3.84,4.94
2024-09-03,1049.91,1069.7,1032.48,1045.23,1045.23,-0.4,4.52
2024-09-04,1015.25,1046.42,1005.59,1032.91,1032.91,-1.18,3.29
2024-09-05,1032.16,1052.42,988.78,999.86,999.86,-3.2,-0.01
2024-09-06,1003.15,1024.29,984.83,996.72,996.72,-0.31,-0.33
2024-09-09,990.29,1013.03,975.5,999.87,999.87,0.32,-0.01
2024-09-10,999.9,1034.28,986.41,1018.63,1018.63,1.88,1.86
2024-09-11,1017.62,1033.26,1007.02,1020.7,1020.7,0.2,2.07
2024-09-12,1039.02,1045.99,1009.99,1011.91,1011.91,-0.86,1.19
2024-09-13,1014.21,1054.66,1001.38,1028.39,1028.39,1.63,2.84
2024-09-18,1021.0,1033.07,994.56,1005.26,1005.26,-2.25,0.53
2024-09-19,1010.24,1021.29,982.26,1004.35,1004.35,-0.09,0.44
2024-09-20,1008.84,1020.06,988.78,999.52,999.52,-0.48,-0.05
2024-09-23,997.81,1026.13,991.31,999.72,999.72,0.02,-0.03
2024-09-24,1001.99,1069.69,992.23,1061.78,1061.78,6.21,6.18
2024-09-25,1079.16,1100.93,1058.17,1060.94,1060.94,-0.08,6.09
2024-09-26,1066.66,1107.08,1052.9,1106.35,1106.35,4.28,10.63
2024-09-27,1111.54,1193.65,1092.16,1174.49,1174.49,6.16,17.45
2024-09-30,1227.12,1369.11,1195.72,1367.51,1367.51,16.43,36.75
2024-10-08,1595.75,1612.4,1479.61,1612.4,1612.4,17.91,61.24
2024-10-09,1570.92,1775.4,1465.16,1590.31,1590.31,-1.37,59.03
2024-10-10,1597.85,1629.66,1427.42,1508.8,1508.8,-5.13,50.88
2024-10-11,1469.07,1542.64,1422.41,1443.08,1443.08,-4.36,44.31
2024-10-14,1444.58,1522.51,1404.82,1514.89,1514.89,4.98,51.49
2024-10-15,1506.97,1550.04,1464.45,1466.58,1466.58,-3.19,46.66
2024-10-16,1416.63,1456.16,1396.64,1413.72,1413.72,-3.6,41.37
2024-10-17,1471.33,1507.21,1436.09,1446.61,1446.61,2.33,44.66
2024-10-18,1447.52,1680.91,1437.48,1628.65,1628.65,12.58,62.87
2024-10-21,1665.45,1778.39,1586.16,1641.85,1641.85,0.81,64.18
2024-10-22,1631.8,1672.07,1583.98,1622.79,1622.79,-1.16,62.28
2024-10-23,1581.78,1632.25,1552.18,1583.48,1583.48,-2.42,58.35
2024-10-24,1559.97,1658.04,1553.22,1612.42,1612.42,1.83,61.24
2024-10-25,1633.53,1670.11,1585.56,1619.59,1619.59,0.44,61.96
2024-10-28,1614.12,1649.98,1580.25,1617.0,1617.0,-0.16,61.7
2024-10-29,1603.41,1682.51,1575.84,1599.66,1599.66,-1.07,59.97
2024-10-30,1583.69,1637.53,1552.62,1595.84,1595.84,-0.24,59.58
2024-10-31,1615.99,1665.34,1576.67,1614.69,1614.69,1.18,61.47
2024-11-01,1592.29,1635.9,1519.34,1528.03,1528.03,-5.37,52.8
2024-11-04,1525.19,1581.49,1514.26,1558.16,1558.16,1.97,55.82
2024-11-05,1552.88,1649.83,1542.81,1624.5,1624.5,4.26,62.45
2024-11-06,1640.69,1696.53,1598.27,1639.17,1639.17,0.9,63.92
2024-11-07,1619.55,1733.49,1602.02,1701.44,1701.44,3.8,70.14
2024-11-08,1731.48,1789.7,1625.86,1653.54,1653.54,-2.82,65.35
2024-11-11,1642.49,1733.32,1619.52,1693.89,1693.89,2.44,69.39
2024-11-12,1689.44,1730.72,1627.42,1660.58,1660.58,-1.97,66.06
2024-11-13,1651.4,1780.78,1626.62,1744.96,1744.96,5.08,74.5
2024-11-14,1725.46,1765.7,1668.99,1677.9,1677.9,-3.84,67.79
2024-11-15,1680.06,1711.46,1593.81,1599.8,1599.8,-4.65,59.98
2024-11-18,1593.03,1640.45,1537.7,1560.66,1560.66,-2.45,56.07
2024-11-19,1569.49,1629.63,1527.36,1613.36,1613.36,3.38,61.34
2024-11-20,1607.24,1667.77,1590.02,1641.15,1641.15,1.72,64.12
2024-11-21,1630.41,1710.19,1604.86,1670.3,1670.3,1.78,67.03
2024-11-22,1663.91,1697.26,1593.6,1598.47,1598.47,-4.3,59.85
2024-11-25,1607.0,1629.42,1526.59,1576.51,1576.51,-1.37,57.65
2024-11-26,1566.01,1611.46,1548.82,1577.76,1577.76,0.08,57.78
2024-11-27,1566.92,1655.42,1543.82,1650.58,1650.58,4.62,65.06
2024-11-28,1644.8,1737.93,1621.52,1661.91,1661.91,0.69,66.19
2024-11-29,1654.73,1747.02,1636.51,1695.46,1695.46,2.02,69.55
2024-12-02,1700.7,1756.37,1661.23,1713.33,1713.33,1.05,71.33
2024-12-03,1707.45,1755.13,1669.74,1700.9,1700.9,-0.73,70.09
2024-12-04,1728.77,1757.18,1658.32,1680.3,1680.3,-1.21,68.03
2024-12-05,1672.81,1726.98,1663.08,1706.51,1706.51,1.56,70.65
2024-12-06,1707.18,1738.61,1669.3,1696.73,1696.73,-0.57,69.67
2024-12-09,1688.46,1703.61,1616.63,1657.97,1657.97,-2.28,65.8
2024-12-10,1723.44,1734.86,1636.91,1654.91,1654.91,-0.18,65.49
2024-12-11,1639.47,1696.52,1616.11,1668.95,1668.95,0.85,66.9
2024-12-12,1673.83,1735.91,1658.59,1720.71,1720.71,3.1,72.07
2024-12-13,1708.96,1777.01,1670.46,1711.86,1711.86,-0.51,71.19
2024-12-16,1713.89,1756.72,1659.64,1699.6,1699.6,-0.72,69.96
2024-12-17,1685.88,1745.96,1662.98,1687.88,1687.88,-0.69,68.79
2024-12-18,1686.33,1769.25,1656.67,1750.34,1750.34,3.7,75.03
2024-12-19,1727.93,1834.19,1710.03,1801.82,1801.82,2.94,80.18
2024-12-20,1793.21,1885.71,1783.7,1857.13,1857.13,3.07,85.71
2024-12-23,1859.44,1926.98,1794.23,1824.72,1824.72,-1.75,82.47
2024-12-24,1837.84,1864.73,1760.88,1848.28,1848.28,1.29,84.83
2024-12-25,1848.1,1914.84,1817.26,1871.02,1871.02,1.23,87.1
2024-12-26,1862.47,1922.17,1829.51,1901.94,1901.94,1.65,90.19
2024-12-27,1901.01,1935.93,1856.04,1867.55,1867.55,-1.81,86.76
2024-12-30,1868.08,1927.43,1823.14,1867.61,1867.61,0.0,86.76
2024-12-31,1867.96,1877.19,1788.78,1790.3,1790.3,-4.14,79.03
2025-01-02,1780.11,1805.77,1704.03,1733.23,1733.23,-3.19,73.32
2025-01-03,1730.26,1753.39,1678.17,1692.73,1692.73,-2.34,69.27
2025-01-06,1703.04,1750.3,1668.27,1715.46,1715.46,1.34,71.55
2025-01-07,1712.95,1841.91,1696.47,1837.7,1837.7,7.13,83.77
2025-01-08,1802.75,1867.84,1774.48,1846.58,1846.58,0.48,84.66
2025-01-09,1837.3,1877.25,1804.99,1834.83,1834.83,-0.64,83.48
2025-01-10,1833.64,1913.18,1800.42,1812.46,1812.46,-1.22,81.25
2025-01-13,1774.18,1812.67,1718.55,1788.36,1788.36,-1.33,78.84
2025-01-14,1791.61,1840.88,1728.06,1813.22,1813.22,1.39,81.32
2025-01-15,1786.7,1860.71,1756.96,1809.62,1809.62,-0.2,80.96
2025-01-16,1807.11,1855.45,1657.23,1713.67,1713.67,-5.3,71.37
2025-01-17,1695.31,1764.17,1675.11,1727.59,1727.59,0.81,72.76
2025-01-20,1734.5,1805.22,1711.64,1773.83,1773.83,2.68,77.38
2025-01-21,1792.51,1827.17,1753.74,1792.94,1792.94,1.08,79.29
2025-01-22,1782.86,1867.13,1767.57,1833.0,1833.0,2.23,83.3
2025-01-23,1851.08,1883.42,1780.58,1788.92,1788.92,-2.4,78.89
2025-01-24,1793.75,1836.95,1761.7,1797.67,1797.67,0.49,79.77
2025-01-27,1747.79,1776.52,1671.57,1704.31,1704.31,-5.19,70.43
2025-02-05,1730.4,1775.94,1641.29,1688.42,1688.42,-0.93,68.84
2025-02-06,1690.37,1755.34,1661.22,1716.66,1716.66,1.67,71.67
2025-02-07,1714.87,1815.24,1696.27,1769.2,1769.2,3.06,76.92
2025-02-10,1791.67,1864.64,1765.25,1837.16,1837.16,3.84,83.72
2025-02-11,1836.23,1899.62,1799.92,1843.31,1843.31,0.33,84.33
2025-02-12,1839.21,1879.96,1807.94,1843.3,1843.3,-0.0,84.33
2025-02-13,1843.07,1860.98,1771.46,1780.64,1780.64,-3.4,78.06
2025-02-14,1780.34,1838.95,1730.37,1785.91,1785.91,0.3,78.59
2025-02-17,1816.69,1901.28,1793.57,1878.33,1878.33,5.17,87.83
2025-02-18,1867.46,1893.29,1799.05,1812.54,1812.54,-3.5,81.25
2025-02-19,1815.2,1856.47,1786.83,1833.59,1833.59,1.16,83.36
2025-02-20,1838.1,1864.39,1792.22,1824.46,1824.46,-0.5,82.45
2025-02-21,1866.97,2045.5,1842.14,2021.77,2021.77,10.81,102.18
2025-02-24,2029.43,2120.06,1995.33,2075.44,2075.44,2.65,107.54
2025-02-25,2045.56,2140.43,1999.54,2067.66,2067.66,-0.37,106.77
2025-02-26,2062.59,2135.22,2006.22,2104.63,2104.63,1.79,110.46
2025-02-27,2106.75,2156.21,2028.92,2099.92,2099.92,-0.22,109.99
2025-02-28,2058.21,2103.71,1943.37,1974.04,1974.04,-5.99,97.4
2025-03-03,1966.43,1996.01,1867.48,1892.08,1892.08,-4.15,89.21
2025-03-04,1853.8,1950.96,1810.58,1912.17,1912.17,1.06,91.22
2025-03-05,1914.27,1965.49,1888.97,1939.37,1939.37,1.42,93.94
2025-03-06,1970.57,2055.75,1955.55,2025.53,2025.53,4.44,102.55
2025-03-07,2001.02,2051.69,1957.96,1999.48,1999.48,-1.29,99.95
2025-03-10,1994.3,2061.93,1962.01,2035.8,2035.8,1.82,103.58
2025-03-11,1983.17,2050.84,1958.99,2031.53,2031.53,-0.21,103.15
2025-03-12,2043.48,2098.17,2009.21,2017.78,2017.78,-0.68,101.78
2025-03-13,2031.49,2049.75,1936.93,1949.92,1949.92,-3.36,94.99
2025-03-14,1955.98,2035.87,1947.65,2006.37,2006.37,2.89,100.64
2025-03-17,2005.43,2029.17,1961.21,2007.61,2007.61,0.06,100.76
2025-03-18,2004.64,2061.44,1979.46,2015.52,2015.52,0.39,101.55
2025-03-19,1994.64,2013.92,1925.35,1938.04,1938.04,-3.84,93.8
2025-03-20,1930.16,1955.31,1902.98,1918.93,1918.93,-0.99,91.89
2025-03-21,1918.01,1927.29,1827.8,1859.15,1859.15,-3.12,85.92
2025-03-24,1851.66,1889.26,1820.92,1865.02,1865.02,0.32,86.5
2025-03-25,1870.32,1880.45,1777.87,1790.6,1790.6,-3.99,79.06
2025-03-26,1787.39,1817.27,1773.34,1781.92,1781.92,-0.48,78.19
2025-03-27,1779.39,1828.48,1759.79,1777.03,1777.03,-0.27,77.7
2025-03-28,1772.81,1792.78,1746.13,1754.49,1754.49,-1.27,75.45
2025-03-31,1746.55,1781.46,1719.63,1761.88,1761.88,0.42,76.19
2025-04-01,1777.63,1802.35,1755.7,1766.71,1766.71,0.27,76.67
2025-04-02,1765.75,1803.05,1753.29,1769.88,1769.88,0.18,76.99
2025-04-03,1740.15,1790.18,1713.07,1750.15,1750.15,-1.11,75.02
2025-04-07,1617.68,1667.19,1488.74,1538.1,1538.1,-12.12,53.81
2025-04-08,1552.39,1583.12,1483.69,1518.89,1518.89,-1.25,51.89
2025-04-09,1484.72,1638.84,1453.27,1605.36,1605.36,5.69,60.54
2025-04-10,1664.01,1683.71,1607.54,1622.38,1622.38,1.06,62.24
2025-04-11,1616.7,1716.17,1596.69,1670.03,1670.03,2.94,67.0
2025-04-14,1693.23,1747.99,1656.02,1705.29,1705.29,2.11,70.53
2025-04-15,1693.67,1710.25,1658.57,1678.8,1678.8,-1.55,67.88
2025-04-16,1717.29,1731.6,1662.04,1694.42,1694.42,0.93,69.44
2025-04-17,1685.05,1761.79,1675.03,1728.71,1728.71,2.02,72.87
2025-04-18,1718.21,1740.78,1695.84,1718.4,1718.4,-0.6,71.84
2025-04-21,1745.26,1807.52,1726.62,1767.4,1767.4,2.85,76.74
2025-04-22,1762.22,1790.94,1734.48,1755.49,1755.49,-0.67,75.55
2025-04-23,1759.27,1791.26,1728.28,1764.29,1764.29,0.5,76.43
2025-04-24,1761.44,1780.77,1733.49,1751.31,1751.31,-0.74,75.13
2025-04-25,1754.22,1795.94,1733.93,1763.05,1763.05,0.67,76.31
2025-04-28,1755.27,1800.59,1725.42,1769.62,1769.62,0.37,76.96
2025-04-29,1761.15,1791.35,1737.95,1777.72,1777.72,0.46,77.77
2025-04-30,1767.71,1815.77,1755.82,1786.77,1786.77,0.51,78.68
2025-05-06,1796.77,1833.21,1770.48,1819.62,1819.62,1.84,81.96
2025-05-07,1854.02,1877.3,1810.18,1827.94,1827.94,0.46,82.79
2025-05-08,1818.92,1866.31,1799.97,1834.74,1834.74,0.37,83.47
2025-05-09,1823.27,1837.92,1791.23,1807.76,1807.76,-1.47,80.78
2025-05-12,1811.59,1835.65,1775.52,1795.87,1795.87,-0.66,79.59
2025-05-13,1814.91,1840.56,1789.32,1797.71,1797.71,0.1,79.77
2025-05-14,1829.04,1858.33,1792.42,1811.69,1811.69,0.78,81.17
2025-05-15,1808.37,1816.51,1765.13,1774.95,1774.95,-2.03,77.5
2025-05-16,1759.86,1788.35,1734.89,1763.36,1763.36,-0.65,76.34
2025-05-19,1763.04,1781.28,1736.42,1766.8,1766.8,0.2,76.68
2025-05-20,1765.65,1797.42,1755.54,1770.49,1770.49,0.21,77.05
2025-05-21,1767.32,1781.37,1735.45,1753.01,1753.01,-0.99,75.3
2025-05-22,1747.99,1772.03,1726.11,1737.99,1737.99,-0.86,73.8
2025-05-23,1733.01,1758.74,1705.95,1716.1,1716.1,-1.26,71.61
2025-05-26,1775.68,1797.82,1745.94,1771.64,1771.64,3.24,77.16
2025-05-27,1762.18,1774.67,1696.41,1706.99,1706.99,-3.65,70.7
2025-05-28,1677.04,1698.07,1654.33,1674.39,1674.39,-1.91,67.44
2025-05-29,1685.01,1716.62,1672.33,1699.69,1699.69,1.51,69.97
2025-05-30,1682.29,1699.74,1639.56,1681.32,1681.32,-1.08,68.13
2025-06-03,1668.5,1701.36,1657.21,1673.19,1673.19,-0.48,67.32
2025-06-04,1687.46,1747.65,1681.11,1717.28,1717.28,2.64,71.73
2025-06-05,1722.74,1790.26,1711.24,1771.19,1771.19,3.14,77.12
2025-06-06,1768.16,1807.5,1735.87,1772.28,1772.28,0.06,77.23
2025-06-09,1749.64,1784.84,1723.45,1763.86,1763.86,-0.48,76.39
2025-06-10,1724.83,1734.15,1672.5,1689.75,1689.75,-4.2,68.98
2025-06-11,1695.06,1722.86,1672.54,1682.73,1682.73,-0.42,68.27
2025-06-12,1679.12,1735.97,1660.39,1706.99,1706.99,1.44,70.7
2025-06-13,1686.19,1719.28,1671.68,1699.58,1699.58,-0.43,69.96
2025-06-16,1689.04,1747.81,1682.75,1708.44,1708.44,0.52,70.84
2025-06-17,1712.61,1736.97,1661.43,1691.61,1691.61,-0.99,69.16
2025-06-18,1689.99,1745.21,1672.81,1729.8,1729.8,2.26,72.98
2025-06-19,1723.4,1760.93,1710.15,1727.49,1727.49,-0.13,72.75
2025-06-20,1728.83,1741.31,1681.83,1702.53,1702.53,-1.44,70.25
2025-06-23,1687.54,1716.71,1661.07,1691.75,1691.75,-0.63,69.18
2025-06-24,1707.5,1769.89,1690.73,1743.21,1743.21,3.04,74.32
2025-06-25,1754.67,1779.37,1722.23,1763.87,1763.87,1.19,76.39
2025-06-26,1769.52,1825.59,1749.69,1771.66,1771.66,0.44,77.17
2025-06-27,1796.76,1833.76,1742.02,1783.61,1783.61,0.67,78.36
2025-06-30,1790.96,1845.3,1763.7,1810.61,1810.61,1.51,81.06
2025-07-01,1800.54,1836.78,1745.55,1768.21,1768.21,-2.34,76.82
2025-07-02,1756.23,1765.81,1712.27,1727.18,1727.18,-2.32,72.72
2025-07-03,1733.64,1764.67,1714.73,1740.11,1740.11,0.75,74.01
2025-07-04,1736.08,1768.57,1706.33,1730.08,1730.08,-0.58,73.01
2025-07-07,1720.37,1749.56,1693.49,1716.61,1716.61,-0.78,71.66
2025-07-08,1719.59,1765.2,1708.05,1754.86,1754.86,2.23,75.49
2025-07-09,1755.53,1771.43,1728.33,1738.91,1738.91,-0.91,73.89
2025-07-10,1707.28,1723.15,1668.81,1687.32,1687.32,-2.97,68.73
2025-07-11,1684.47,1741.63,1670.12,1717.01,1717.01,1.76,71.7
2025-07-14,1717.89,1752.52,1705.95,1732.46,1732.46,0.9,73.25
2025-07-15,1757.95,1806.58,1726.59,1782.98,1782.98,2.92,78.3
2025-07-16,1788.75,1867.68,1766.02,1814.99,1814.99,1.8,81.5
2025-07-17,1803.94,1857.33,1780.05,1845.99,1845.99,1.71,84.6
2025-07-18,1850.5,1887.4,1824.93,1837.44,1837.44,-0.46,83.74
2025-07-21,1843.14,1872.81,1811.56,1837.2,1837.2,-0.01,83.72
2025-07-22,1834.57,1881.51,1814.48,1836.63,1836.63,-0.03,83.66
2025-07-23,1823.12,1864.29,1806.15,1843.87,1843.87,0.39,84.39
2025-07-24,1849.47,1882.4,1820.47,1854.88,1854.88,0.6,85.49
2025-07-25,1853.97,1987.19,1847.58,1947.6,1947.6,5.0,94.76
2025-07-28,1948.22,1984.08,1909.62,1959.66,1959.66,0.62,95.97
2025-07-29,1960.72,2069.32,1953.14,2051.94,2051.94,4.71,105.19
2025-07-30,2030.93,2069.39,1988.03,2019.24,2019.24,-1.59,101.92
2025-07-31,2035.05,2134.19,2007.19,2049.04,2049.04,1.48,104.9
2025-08-01,2028.05,2080.6,1979.97,2008.09,2008.09,-2.0,100.81
2025-08-04,1991.77,2039.28,1969.08,2013.7,2013.7,0.28,101.37
2025-08-05,2025.58,2051.57,1979.61,2019.11,2019.11,0.27,101.91
2025-08-06,2003.23,2032.48,1986.62,2018.09,2018.09,-0.05,101.81
2025-08-07,2024.87,2084.47,1972.88,2021.61,2021.61,0.17,102.16
2025-08-08,2003.54,2033.84,1965.85,2001.26,2001.26,-1.01,100.13
2025-08-11,2003.06,2070.29,1997.65,2047.15,2047.15,2.29,104.72
2025-08-12,2047.39,2250.44,2029.27,2233.47,2233.47,9.1,123.35
2025-08-13,2218.79,2340.32,2193.11,2317.74,2317.74,3.77,131.77
2025-08-14,2311.75,2491.52,2290.66,2396.46,2396.46,3.4,139.65
2025-08-15,2362.87,2415.48,2327.3,2380.64,2380.64,-0.66,138.06
2025-08-18,2412.96,2521.7,2364.65,2451.27,2451.27,2.97,145.13
2025-08-19,2438.58,2569.08,2404.9,2465.09,2465.09,0.56,146.51
2025-08-20,2418.85,2582.85,2367.91,2564.49,2564.49,4.03,156.45
2025-08-21,2583.09,2693.42,2521.15,2592.05,2592.05,1.07,159.2
2025-08-22,2622.2,2923.11,2616.14,2908.14,2908.14,12.19,190.81
2025-08-25,3042.3,3221.65,2952.13,3165.7,3165.7,8.86,216.57
2025-08-26,3099.92,3172.08,3022.49,3085.84,3085.84,-2.52,208.58
2025-08-27,3159.85,3352.34,3085.27,3162.59,3162.59,2.49,216.26
2025-08-28,3201.21,3546.2,3159.26,3528.71,3528.71,11.58,252.87
2025-08-29,3401.0,3511.25,3282.51,3417.02,3417.02,-3.17,241.7
2025-09-01,3437.92,3645.48,3284.7,3539.92,3539.92,3.6,253.99
2025-09-02,3526.49,3678.09,3362.18,3453.48,3453.48,-2.44,245.35
2025-09-03,3394.58,3504.46,3283.04,3412.64,3412.64,-1.18,241.26
2025-09-04,3404.69,3452.27,2936.95,2984.46,2984.46,-12.55,198.45
2025-09-05,3022.0,3260.36,2922.13,3199.37,3199.37,7.2,219.94
2025-09-08,3139.7,3178.73,2943.7,3056.02,3056.02,-4.48,205.6
2025-09-09,3000.78,3121.67,2942.74,3027.97,3027.97,-0.92,202.8
2025-09-10,3128.92,3250.01,3058.83,3149.75,3149.75,4.02,214.98
2025-09-11,3209.36,3553.35,3179.12,3492.11,3492.11,10.87,249.21
2025-09-12,3447.31,3694.1,3403.78,3600.11,3600.11,3.09,260.01
2025-09-15,3617.7,3698.31,3460.07,3549.48,3549.48,-1.41,254.95
2025-09-16,3588.45,3757.71,3502.16,3600.26,3600.26,1.43,260.03
2025-09-17,3549.54,3660.81,3453.83,3596.72,3596.72,-0.1,259.67
2025-09-18,3657.81,3795.18,3470.7,3578.07,3578.07,-0.52,257.81
2025-09-19,3590.3,3694.68,3472.47,3546.89,3546.89,-0.87,254.69
2025-09-22,3534.17,3761.52,3437.37,3687.87,3687.87,3.97,268.79
2025-09-23,3750.52,3843.19,3553.23,3681.17,3681.17,-0.18,268.12
2025-09-24,3620.59,3817.97,3582.93,3730.68,3730.68,1.34,273.07
2025-09-25,3687.25,3863.13,3623.24,3775.11,3775.11,1.19,277.51
2025-09-26,3735.5,3834.67,3641.14,3650.66,3650.66,-3.3,265.07
2025-09-29,3646.22,3764.95,3558.12,3696.86,3696.86,1.27,269.69
2025-09-30,3816.1,3910.53,3659.56,3731.45,3731.45,0.94,273.14
2025-10-09,3860.25,3979.1,3736.71,3768.48,3768.48,0.99,276.85
2025-10-10,3703.22,3756.15,3517.83,3575.49,3575.49,-5.12,257.55
2025-10-13,3413.38,3628.71,3396.67,3573.17,3573.17,-0.06,257.32
2025-10-14,3640.96,3668.93,3328.0,3352.95,3352.95,-6.16,235.3
2025-10-15,3373.54,3473.43,3300.17,3449.07,3449.07,2.87,244.91
2025-10-16,3448.72,3644.48,3433.22,3542.31,3542.31,2.7,254.23
2025-10-17,3515.62,3591.33,3395.46,3451.01,3451.01,-2.58,245.1
2025-10-20,3574.6,3695.85,3459.13,3542.94,3542.94,2.66,254.29
2025-10-21,3566.56,3842.07,3505.11,3772.61,3772.61,6.48,277.26
2025-10-22,3704.53,3931.3,3671.23,3838.1,3838.1,1.74,283.81
2025-10-23,3792.74,3836.34,3663.69,3780.21,3780.21,-1.51,278.02
2025-10-24,3874.45,4164.28,3800.54,4123.46,4123.46,9.08,312.35
2025-10-27,4240.24,4363.95,4095.25,4299.58,4299.58,4.27,329.96
2025-10-28,4195.8,4371.93,4125.14,4231.33,4231.33,-1.59,323.13
2025-10-29,4272.92,4439.0,4147.92,4256.34,4256.34,0.59,325.63
2025-10-30,4241.73,4376.35,4086.02,4132.27,4132.27,-2.91,313.23
2025-10-31,4089.74,4129.46,3885.81,3942.3,3942.3,-4.6,294.23
2025-11-03,3856.77,4007.23,3810.27,3968.37,3968.37,0.66,296.84
2025-11-04,4003.49,4084.15,3867.07,3906.52,3906.52,-1.56,290.65
2025-11-05,3752.21,3942.58,3727.04,3904.82,3904.82,-0.04,290.48
2025-11-06,4017.57,4206.49,3969.17,4160.31,4160.31,6.54,316.03
2025-11-07,4100.16,4249.04,4040.73,4130.58,4130.58,-0.71,313.06
2025-11-10,4176.17,4245.78,3907.76,4112.88,4112.88,-0.43,311.29
2025-11-11,4148.82,4241.42,3911.73,3983.48,3983.48,-3.15,298.35
2025-11-12,3921.44,4132.04,3857.3,4074.99,4074.99,2.3,307.5
2025-11-13,4055.03,4192.55,3982.82,4133.77,4133.77,1.44,313.38
2025-11-14,3962.75,4026.84,3865.35,3895.9,3895.9,-5.75,289.59
2025-11-17,3925.21,4023.01,3818.04,3889.07,3889.07,-0.18,288.91
2025-11-18,3859.1,3967.11,3789.72,3861.22,3861.22,-0.72,286.12
2025-11-19,3834.25,3962.32,3815.75,3883.65,3883.65,0.58,288.36
2025-11-20,4002.31,4028.92,3818.98,3845.27,3845.27,-0.99,284.53
2025-11-21,3675.53,3725.06,3556.23,3590.35,3590.35,-6.63,259.03
2025-11-24,3609.72,3663.94,3463.9,3580.4,3580.4,-0.28,258.04
2025-11-25,3663.96,3742.14,3592.92,3637.95,3637.95,1.61,263.8
2025-11-26,3595.44,3898.16,3558.64,3817.47,3817.47,4.93,281.75
2025-11-27,3853.34,4012.39,3773.15,3803.43,3803.43,-0.37,280.34
2025-11-28,3792.03,3913.98,3734.05,3853.13,3853.13,1.31,285.31
2025-12-01,3872.84,3987.72,3764.09,3920.18,3920.18,1.74,292.02
2025-12-02,3923.45,3980.13,3835.65,3879.67,3879.67,-1.03,287.97
2025-12-03,3879.16,3979.56,3819.06,3864.68,3864.68,-0.39,286.47
2025-12-04,3820.9,3953.53,3760.37,3927.9,3927.9,1.64,292.79
2025-12-05,3921.2,4013.32,3843.93,3923.25,3923.25,-0.12,292.32
2025-12-08,3920.28,4259.73,3908.6,4189.23,4189.23,6.78,318.92
2025-12-09,4135.6,4343.73,4100.65,4259.28,4259.28,1.67,325.93
2025-12-10,4233.44,4304.61,4063.09,4225.47,4225.47,-0.79,322.55
2025-12-11,4219.99,4284.96,4089.67,4117.5,4117.5,-2.56,311.75
2025-12-12,4114.53,4230.75,3996.69,4094.87,4094.87,-0.55,309.49
2025-12-15,3980.7,4119.25,3945.42,3995.9,3995.9,-2.42,299.59
2025-12-16,3971.17,4019.93,3817.38,3856.54,3856.54,-3.49,285.65
2025-12-17,3862.46,4058.45,3839.19,4043.72,4043.72,4.85,304.37
2025-12-18,4006.43,4075.51,3939.01,3988.92,3988.92,-1.36,298.89
2025-12-19,4054.4,4088.11,3904.65,3934.14,3934.14,-1.37,293.41
2025-12-22,4000.04,4116.11,3960.25,4066.07,4066.07,3.35,306.61
2025-12-23,4064.34,4191.76,4022.83,4123.44,4123.44,1.41,312.34
2025-12-24,4152.89,4232.24,4074.35,4183.05,4183.05,1.45,318.31
2025-12-25,4180.06,4290.4,4103.02,4164.03,4164.03,-0.45,316.4
2025-12-26,4118.37,4248.55,4075.59,4171.44,4171.44,0.18,317.14
2025-12-29,4164.34,4338.81,4122.4,4210.17,4210.17,0.93,321.02
2025-12-30,4197.24,4381.73,4165.23,4273.97,4273.97,1.52,327.4
2025-12-31,4288.21,4321.02,4102.08,4128.72,4128.72,-3.4,312.87
2026-01-05,4217.4,4332.76,4132.29,4288.95,4288.95,3.88,328.9
2026-01-06,4232.67,4386.51,4166.27,4290.61,4290.61,0.04,329.06
2026-01-07,4406.26,4475.22,4243.74,4334.9,4334.9,1.03,333.49
2026-01-08,4326.15,4481.85,4252.3,4334.39,4334.39,-0.01,333.44
2026-01-09,4246.47,4408.17,4147.6,4344.27,4344.27,0.23,334.43
2026-01-12,4383.71,4507.19,4238.82,4432.81,4432.81,2.04,343.28
2026-01-13,4376.02,4513.35,4207.04,4252.23,4252.23,-4.07,325.22
2026-01-14,4332.26,4448.77,4200.57,4340.84,4340.84,2.08,334.08
2026-01-15,4288.88,4515.95,4220.76,4415.12,4415.12,1.71,341.51
2026-01-16,4460.12,4654.05,4364.95,4529.56,4529.56,2.59,352.96
2026-01-19,4488.41,4606.02,4423.7,4490.9,4490.9,-0.85,349.09
2026-01-20,4471.19,4586.4,4303.26,4390.98,4390.98,-2.22,339.1
2026-01-21,4399.83,4625.61,4374.36,4511.97,4511.97,2.76,351.2
2026-01-22,4608.79,4733.17,4459.61,4599.81,4599.81,1.95,359.98
2026-01-23,4524.72,4617.23,4397.96,4485.41,4485.41,-2.49,348.54
2026-01-26,4466.88,4571.73,4354.98,4423.78,4423.78,-1.37,342.38
2026-01-27,4405.2,4588.13,4325.29,4511.9,4511.9,1.99,351.19
2026-01-28,4568.04,4639.71,4456.9,4531.41,4531.41,0.43,353.14
2026-01-29,4562.15,4645.43,4405.48,4424.82,4424.82,-2.35,342.48
2026-01-30,4416.43,4606.93,4338.67,4505.53,4505.53,1.82,350.55
2026-02-02,4466.14,4560.1,4262.49,4282.31,4282.31,-4.95,328.23
2026-02-03,4395.76,4447.8,4063.77,4224.99,4224.99,-1.34,322.5
2026-02-04,4127.5,4161.85,3940.42,4044.81,4044.81,-4.26,304.48
2026-02-05,3951.24,4044.4,3901.6,3965.32,3965.32,-1.97,296.53
2026-02-06,3905.69,4003.61,3805.95,3898.36,3898.36,-1.69,289.84
2026-02-09,4023.33,4158.69,3957.9,4101.47,4101.47,5.21,310.15
2026-02-10,4099.45,4216.28,4049.49,4087.17,4087.17,-0.35,308.72
2026-02-11,4044.41,4099.83,3958.46,3994.37,3994.37,-2.27,299.44
2026-02-12,4038.32,4179.42,3968.62,4121.91,4121.91,3.19,312.19
2026-02-13,4077.66,4233.7,4027.02,4132.64,4132.64,0.26,313.26
2026-02-24,4210.44,4340.05,4061.02,4180.27,4180.27,1.15,318.03
2026-02-25,4160.39,4242.52,4079.82,4169.24,4169.24,-0.26,316.92
2026-02-26,4195.96,4365.45,4108.72,4301.67,4301.67,3.18,330.17
2026-02-27,4192.09,4347.95,4122.26,4243.15,4243.15,-1.36,324.32
2026-03-02,4136.6,4361.4,4096.55,4250.6,4250.6,0.18,325.06
2026-03-03,4268.66,4324.84,4036.39,4050.48,4050.48,-4.71,305.05
2026-03-04,4069.03,4217.17,4009.99,4090.98,4090.98,1.0,309.1
2026-03-05,4223.52,4373.52,4127.51,4221.43,4221.43,3.19,322.14
2026-03-06,4187.6,4326.69,4130.02,4250.12,4250.12,0.68,325.01
2026-03-09,4109.02,4238.96,4009.61,4212.01,4212.01,-0.9,321.2
2026-03-10,4322.98,4391.54,4236.78,4339.1,4339.1,3.02,333.91
2026-03-11,4361.01,4426.03,4239.15,4262.61,4262.61,-1.76,326.26
2026-03-12,4266.85,4350.39,4122.58,4194.95,4194.95,-1.59,319.49
2026-03-13,4170.13,4340.31,4125.16,4237.78,4237.78,1.02,323.78
2026-03-16,4238.27,4420.52,4122.27,4378.3,4378.3,3.32,337.83
2026-03-17,4355.89,4437.75,4202.96,4239.66,4239.66,-3.17,323.97
2026-03-18,4315.55,4484.6,4254.78,4442.76,4442.76,4.79,344.28
2026-03-19,4354.53,4457.93,4281.78,4343.08,4343.08,-2.24,334.31
2026-03-20,4440.47,4529.28,4268.41,4331.54,4331.54,-0.27,333.15
2026-03-23,4180.03,4306.54,4087.67,4129.45,4129.45,-4.67,312.94
2026-03-24,4161.58,4301.0,4005.19,4266.02,4266.02,3.31,326.6
2026-03-25,4338.27,4516.45,4281.28,4413.28,4413.28,3.45,341.33
2026-03-26,4361.68,4498.99,4275.15,4331.97,4331.97,-1.84,333.2
2026-03-27,4186.42,4357.22,4135.75,4285.46,4285.46,-1.07,328.55
2026-03-30,4205.17,4322.74,4164.36,4258.71,4258.71,-0.62,325.87
2026-03-31,4153.99,4233.34,4027.91,4084.95,4084.95,-4.08,308.5
2026-04-01,4274.49,4385.57,4129.93,4271.48,4271.48,4.57,327.15
2026-04-02,4257.51,4299.12,4099.58,4120.59,4120.59,-3.53,312.06
2026-04-03,4192.79,4286.45,4131.89,4176.64,4176.64,1.36,317.66
2026-04-07,4192.24,4434.49,4134.18,4324.2,4324.2,3.53,332.42
2026-04-08,4511.67,4631.59,4406.99,4615.17,4615.17,6.73,361.52
2026-04-09,4558.0,4746.52,4513.98,4657.72,4657.72,0.92,365.77
2026-04-10,4725.15,4921.41,4677.78,4857.29,4857.29,4.28,385.73
2026-04-13,4842.07,5028.86,4782.8,4933.57,4933.57,1.57,393.36
2026-04-14,4999.22,5205.91,4936.6,5106.4,5106.4,3.5,410.64
2026-04-15,5145.36,5307.2,5000.57,5086.71,5086.71,-0.39,408.67
2026-04-16,5038.92,5293.87,4998.03,5250.65,5250.65,3.22,425.06
2026-04-17,5274.58,5466.92,5193.41,5391.02,5391.02,2.67,439.1
2026-04-20,5406.32,5568.4,5337.55,5442.48,5442.48,0.95,444.25
2026-04-21,5385.49,5479.76,5245.03,5385.35,5385.35,-1.05,438.54
2026-04-22,5347.05,5559.83,5310.6,5532.8,5532.8,2.74,453.28
2026-04-23,5596.15,5693.3,5328.45,5415.17,5415.17,-2.13,441.52
2026-04-24,5373.88,5576.68,5188.87,5372.28,5372.28,-0.79,437.23
2026-04-27,5431.13,5539.09,5315.75,5395.8,5395.8,0.44,439.58
2026-04-28,5396.85,5546.51,5276.19,5348.11,5348.11,-0.88,434.81
2026-04-29,5292.88,5536.91,5232.14,5474.85,5474.85,2.37,447.48
2026-04-30,5573.42,5869.8,5460.89,5769.17,5769.17,5.38,476.92
2026-05-06,6075.87,6463.31,5962.02,6202.29,6202.29,7.51,520.23
2026-05-07,6245.15,6461.71,6104.96,6350.2,6350.2,2.38,535.02
2026-05-08,5602.36,5704.16,5484.34,5574.19,5574.19,-12.22,457.42
2026-05-11,5763.64,5952.4,5597.09,5885.09,5885.09,5.58,488.51
2026-05-12,5896.0,6142.06,5797.71,6029.02,6029.02,2.45,502.9
2026-05-13,5885.79,6360.18,5836.71,6338.51,6338.51,5.13,533.85
2026-05-14,6407.5,6603.89,6141.04,6289.89,6289.89,-0.77,528.99
